[
    {
        "name":"sqje",
        "title":"申请金额",
        "content":"申请金额是您填写的金额，最终发放以授信金额为准。"
    },
    {
        "name":"skyhk",
        "title":"收款银行卡",
        "content":"放款时，财务会把借款本金打到这张银行卡。"
    },
    {
        "name":"kybzj",
        "title":"可用保证金",
        "content":"借款订单到期或发生逾期时，保证金用于抵扣本金、利息、月管理费、逾期违约金"
    },
    {
        "name":"fwf",
        "title":"服务费",
        "content":"信用等级越高，服务费越少，请完善资料提升信用等级。"
    },
    {
        "name":"sxje",
        "title":"授信金额",
        "content":"授信金额是风控人员根据您提交的资料最终决定发放的金额，可能会与您申请的金额不相等。"
    },
    {
        "name":"skje",
        "title":"收款金额",
        "content":"收款金额=<br>授信金额-期初服务费-保证金"
    },
    {
        "name":"qcfwf",
        "title":"期初服务费",
        "content":"信用等级越高，期初服务费越少，请完善资料提升信用等级。"
    }
]