{
    "otherFile":{
        "tit":"财力证明",
        "num":"4",
        "des":"如果提供房产证，需要基本信息页及盖章页各一张，共2张。如果提供机动车登记证书，需要正副本照片，需完整显示车辆登记信息及年检信息。"
    },
    "salaryFile":{
        "tit":"工资流水",
        "num":"3",
        "des":"本人银行卡正反面照片各一张，以及近3个月完整流水打印单或网银流水截屏。工资卡需显示代发工资项。"
    },
    "personCreditFile":{
        "tit":"个人征信报告",
        "num":"2",
        "des":"您可在中国人民银行征信中心进行查询（网址https://ipcrs.pbccrc.org.cn），并将查询结果拍照或者截图上传。"
    },
    "socialSecurityFile":{
        "tit":"社保",
        "num":"3",
        "des":"请上传连续3个月的社保/公积金网站截图，需完整显示本人姓名、身份证、缴费状态、缴费金额等关键信息"
    },
    "creditCardFile":{
        "tit":"信用卡账单",
        "num":"3",
        "des":"请上传用户本人信用卡正面照片及对应的近3 个月信用卡（电子或纸质）对账单照片"
    },
    "workFile":{
        "tit":"工作证明",
        "num":"4",
        "des":"本人当前的有效劳动合同/在职证明，从封面一页拍至最后一页。如果有工牌、名片的也可以同时上传，但必须完整显示单位信息及个人信息。"
    },
    "marriageFile":{
        "tit":"结婚证明",
        "num":"2",
        "des":"请上传结婚证照片或者两人户口本照片（同一户口本）"
    },
    "businessLicenseFile":{
        "tit":"营业执照",
        "num":"4",
        "des":"营业执照照片，必须清晰显示法人、成立时间、经营范围经营时间等关键信息。"
    },
    "loanAgreementFile":{
        "tit":"其它所有贷款协议/凭证",
        "num":"5",
        "des":"本人在其他金融机构申请借款所签署的协议或凭证证明。"
    }
}