{
    "small":{
        "product":[
            {
                "tit":"借款金额",
                "con":"1000元-5000元"
            },
            {
                "tit":"借款期限",
                "con":"30天、3个月、6个月"
            },
            {
                "tit":"借款利率",
                "con":"年化7%-12%"
            },
            {
                "tit":"期初服务费",
                "con":"3%-8.5%"
            },
            {
                "tit":"月管理费",
                "con":"0%-1.3%"
            },
            {
                "tit":"还款方式",
                "con":"等额本息/一次性还本付息"
            }
        ],
        "data":"1、本人身份证、银行卡<br />2、有实名认证的手机号码，且使用时长超过3个月<br />3、30天以内的央行征信报告<br />4、3个月以上的工资流水",
        "feature":"申请普通借款需要提供较为详细的征信资料，适合有稳定工作、资信状况良好的用户。",
        "tips":"勿递交虚假材料，否则会被认定为骗贷；<br />请给审核流程多一点耐心，审核时间 1-2 天；<br />勿逾期还款，珍惜信用。"
    },
    "large":{
        "product":[
            {
                "tit":"借款金额",
                "con":"1000元-10000元"
            },
            {
                "tit":"借款期限",
                "con":"30天"
            },
            {
                "tit":"借款利率",
                "con":"年化7%"
            },
            {
                "tit":"期初服务费",
                "con":"0.9%"
            },
            {
                "tit":"还款方式",
                "con":"到期一次性还本付息"
            }
        ],
        "data":"1、本人身份证、银行卡<br />2、在草根投资网有投资中的项目",
        "feature":"申请福利借款的用户需要在草根投资账户中拥有还本付息时间超过还款日期30天且金额大于借款额度2倍的投资项目。",
        "tips":"勿递交虚假材料，否则会被认定为骗贷；<br />请给审核流程多一点耐心，审核时间 1-2 天；<br />勿逾期还款，珍惜信用。"
    },
    "micro":{
        "product":[
            {
                "tit":"借款金额",
                "con":"500元、1000元"
            },
            {
                "tit":"借款期限",
                "con":"7天、14天、21天"
            },
            {
                "tit":"借款利率",
                "con":"年化7%"
            },
            {
                "tit":"期初服务费",
                "con":"3%-8%"
            },
            {
                "tit":"还款方式",
                "con":"到期一次性还本付息"
            }
        ],
        "data":"1、本人身份证、银行卡<br />2、有实名认证的手机号码，且使用时长超过3个月",
        "feature":"申请快速借款需要的资料较少，审批速度快，适合急切需要小额资金的用户。",
        "tips":"勿递交虚假材料，否则会被认定为骗贷；<br />请给审核流程多一点耐心，审核时间 1-2 天；<br />勿逾期还款，珍惜信用。"
    }
}