[
    {
        "cls":"bank10",
        "name":"招商银行",
        "id":1
    },
    {
        "cls":"bank20",
        "name":"工商银行"
    },
    {
        "cls":"bank30",
        "name":"农业银行"
    },
    {
        "cls":"bank40",
        "name":"中国银行"
    },
    {
        "cls":"bank50",
        "name":"浦发银行"
    },
    {
        "cls":"bank60",
        "name":"建设银行"
    },
    {
        "cls":"bank70",
        "name":"邮政储蓄银行"
    },
    {
        "cls":"bank80",
        "name":"交通银行"
    },
    {
        "cls":"bank90",
        "name":"北京银行"
    },
    {
        "cls":"bank100",
        "name":"光大银行"
    },
    {
        "cls":"bank110",
        "name":"兴业银行"
    },
    {
        "cls":"bank120",
        "name":"民生银行"
    },
    {
        "cls":"bank130",
        "name":"中信银行"
    },
    {
        "cls":"bank140",
        "name":"平安银行"
    },
    {
        "cls":"bank150",
        "name":"广发银行"
    },
    {
        "cls":"bank160",
        "name":"华夏银行"
    },
    {
        "cls":"bank170",
        "name":"深圳农村商业银行"
    },
    {
        "cls":"bank180",
        "name":"上海银行"
    },
    {
        "cls":"bank190",
        "name":"重庆农村商业银行"
    }
]