{
    "data":[
        {
            "id":123,
            "orderId":20160526000005,
            "orderNo":1419,
            "periods":"1/3",
            "totalPeriods":3,
            "principal":"1000",
            "interest":"70",
            "manageAmount":"120",
            "breachAmount":"0",
            "hasRepay":"1000",
            "leftAmount":"0",
            "planTime":"2016-12-13",
            "actualTime":"2016-12-13",
            "status":1,
            "breachAmount":"0",
            "totalAmount":"1000"
        },
        {
            "id":124,
            "orderId":20160526000006,
            "orderNo":1419,
            "periods":"2/3",
            "totalPeriods":3,
            "principal":"1000",
            "interest":"70",
            "manageAmount":"120",
            "breachAmount":"0",
            "hasRepay":"0",
            "leftAmount":"0",
            "planTime":"2016-1-13",
            "actualTime":"",
            "status":3,
            "breachAmount":"134",
            "totalAmount":"1134"
        },
        {
            "id":125,
            "orderId":20160526000007,
            "orderNo":1419,
            "periods":"3/3",
            "totalPeriods":3,
            "principal":"1000",
            "interest":"70",
            "manageAmount":"120",
            "breachAmount":"0",
            "hasRepay":"0",
            "leftAmount":"0",
            "planTime":"2016-2-13",
            "actualTime":"",
            "status":0,
            "breachAmount":"0",
            "totalAmount":"1000"
        }
    ],
    "success":true
}