{
    "data":[
        {
            "id":113,
            "orderId":287,
            "orderNo":"20160526000005",
            "periods":"1/1",
            "repayAmount":25049.31,
            "repayId":287,
            "repayTime":"2016-06-16 11:15:38",
            "userId":191800180277
        },
        {
            "id":77,
            "orderId":201,
            "orderNo":"20160513001000",
            "periods":"1/3",
            "repayAmount":12929.43,
            "repayId":201,
            "repayTime":"2016-05-17 00:14:26",
            "userId":191800180277
        },
        {
            "id":76,
            "orderId":204,
            "orderNo":"20160513001001",
            "periods":"1/3",
            "repayAmount":12929.43,
            "repayId":204,
            "repayTime":"2016-05-17 00:13:31",
            "userId":191800180277
        },
        {
            "id":68,
            "orderId":196,
            "orderNo":"20160513000006",
            "periods":"2/3",
            "repayAmount":9462.61,
            "repayId":196,
            "repayTime":"2016-05-13 17:17:07",
            "userId":191800180277
        },
        {
            "id":65,
            "orderId":196,
            "orderNo":"20160513000006",
            "periods":"2/3",
            "repayAmount":10,
            "repayId":196,
            "repayTime":"2016-06-14 00:08:09",
            "userId":191800180277
        },
        {
            "id":63,
            "orderId":195,
            "orderNo":"20160513000006",
            "periods":"1/3",
            "repayAmount":9472.61,
            "repayId":195,
            "repayTime":"2016-05-13 17:04:02",
            "userId":191800180277
        }
    ],
    "success":true
}